aspect,sentences,count_pos,corrected_pos,corrected_neg,mean_star
Confort thermique / Température,1068,0.07865168539325842,0.0,1.0,2.8417602996254683
Bruit & Qualité du sommeil,846,0.13356973995271867,0.07922330985986953,0.9207766901401305,2.962174940898345
Rapport qualité-prix,615,0.4016260162601626,0.29497927566742943,0.09475926298885363,3.4902439024390244
Chambre & Propreté,10542,0.3184405236198065,0.34103080874295344,0.6589691912570464,3.2448776323278317
Internet & Wi-Fi,459,0.33986928104575165,0.38586681725502436,0.6141331827449756,3.2603485838779958
Restauration,3792,0.4873417721518987,0.5224903791797797,0.2158276818014077,3.6455696202531644
Service,2642,0.48334595003785014,0.5453927179438122,0.45460728205618783,3.4984859954579863
Localisation,4500,0.6146666666666667,0.6727208018902638,0.0,3.694
Équipements & Activités,2096,0.5648854961832062,0.6829182706893355,0.222785012624029,3.6631679389312977
Personnel,4527,0.6456814667550254,0.7523489312509946,0.24765106874900544,3.7500552242102936
Expérience & Valeur,1538,0.6892067620286085,0.7835133994191614,0.21648660058083846,4.008452535760728
